{
  "type": "geolosys:deposit_sparse",
  "config": {
    "blocks": {
      "default": [
        {
          "block": "geolosys:autunite_ore",
          "chance": 1.0
        }
      ],
      "minecraft:deepslate": [
        {
          "block": "geolosys:deepslate_autunite_ore",
          "chance": 1.0
        }
      ]
    },
    "samples": [
      {
        "block": "geolosys:autunite_ore_sample",
        "chance": 1.0
      }
    ],
    "yMin": 8,
    "yMax": 33,
    "spread": 100,
    "size": 24,
    "biomes": {
      "isBlacklist": false,
      "filter": ["MOUNTAIN"]
    },
    "dimensions": {
      "isBlacklist": false,
      "filter": ["overworld"]
    },
    "generationWeight": 4
  }
}
