{
  "type": "geolosys:deposit_sparse",
  "config": {
    "yMin": -60,
    "yMax": 15,
    "size": 64,
    "spread": 100,
    "dimensions": {
      "isBlacklist": false,
      "filter": ["overworld"]
    },
    "blocks": {
      "default": [
        {
          "block": "geolosys:cinnabar_ore",
          "chance": 1.0
        }
      ],
      "minecraft:deepslate": [
        {
          "block": "geolosys:deepslate_cinnabar_ore",
          "chance": 1.0
        }
      ]
    },
    "samples": [
      {
        "block": "geolosys:cinnabar_ore_sample",
        "chance": 1.0
      }
    ],
    "generationWeight": 4
  }
}
