{
  "type": "geolosys:deposit_dense",
  "config": {
    "yMin": 10,
    "yMax": 40,
    "size": 35,
    "blockStateMatchers": [
      "minecraft:netherrack",
      "minecraft:basalt",
      "minecraft:blackstone",
      "minecraft:magma_block",
      "minecraft:lava"
    ],
    "dimensions": {
      "isBlacklist": false,
      "filter": ["the_nether"]
    },
    "blocks": {
      "default": [
        {
          "block": "geolosys:nether_gold_ore",
          "chance": 1.0
        }
      ]
    },
    "samples": [
      {
        "block": "geolosys:nether_gold_ore_sample",
        "chance": 1.0
      }
    ],
    "generationWeight": 10
  }
}
