{
  "type": "geolosys:deposit_layer",
  "config": {
    "yMin": -32,
    "yMax": -16,
    "radius": 12,
    "depth": 9,
    "dimensions": {
      "isBlacklist": false,
      "filter": ["overworld"]
    },
    "blocks": {
      "default": [
        {
          "block": "geolosys:bituminous_coal_ore",
          "chance": 1.0
        }
      ],
      "minecraft:deepslate": [
        {
          "block": "geolosys:deepslate_bituminous_coal_ore",
          "chance": 1.0
        }
      ]
    },
    "samples": [
      {
        "block": "geolosys:bituminous_coal_ore_sample",
        "chance": 1.0
      }
    ],
    "generationWeight": 5
  }
}
