{
  "type": "geolosys:deposit_dense",
  "config": {
    "blocks": {
      "default": [
        {
          "block": "geolosys:malachite_ore",
          "chance": 1.0
        }
      ],
      "minecraft:deepslate": [
        {
          "block": "geolosys:deepslate_malachite_ore",
          "chance": 1.0
        }
      ]
    },
    "samples": [
      {
        "block": "geolosys:malachite_ore_sample",
        "chance": 1.0
      }
    ],
    "yMin": -16,
    "yMax": 90,
    "size": 45,
    "dimensions": {
      "isBlacklist": false,
      "filter": ["overworld"]
    },
    "generationWeight": 6
  }
}
