{
  "type": "geolosys:deposit_dike",
  "config": {
    "yMin": -25,
    "yMax": 19,
    "baseRadius": 8,
    "biomes": {
      "isBlacklist": false,
      "filter": ["MOUNTAIN"]
    },
    "dimensions": {
      "isBlacklist": false,
      "filter": ["overworld"]
    },
    "blocks": {
      "default": [
        {
          "block": "geolosys:platinum_ore",
          "chance": 1.0
        }
      ],
      "minecraft:deepslate": [
        {
          "block": "geolosys:deepslate_platinum_ore",
          "chance": 1.0
        }
      ]
    },
    "samples": [
      {
        "block": "geolosys:platinum_ore_sample",
        "chance": 1.0
      }
    ],
    "generationWeight": 4
  }
}
