{
    "+traits": [
        "XR:Initial",
        "FirstThreadOnMacOS"
    ],
    "assetIndex": {
        "id": "1.18",
        "sha1": "d31a2e85ae149dd1b1a7070b22cb8887892fda6c",
        "size": 348724,
        "totalSize": 468892705,
        "url": "https://piston-meta.mojang.com/v1/packages/d31a2e85ae149dd1b1a7070b22cb8887892fda6c/1.18.json"
    },
    "compatibleJavaMajors": [
        17
    ],
    "formatVersion": 1,
    "libraries": [
        {
            "downloads": {
                "artifact": {
                    "sha1": "f6ca3b2eee0b80b384e8ed93d368faecb82dfb9b",
                    "size": 15343,
                    "url": "https://libraries.minecraft.net/com/mojang/logging/1.0.0/logging-1.0.0.jar"
                }
            },
            "name": "com.mojang:logging:1.0.0"
        },
        {
            "downloads": {
                "artifact": {
                    "sha1": "5c685c5ffa94c4cd39496c7184c1d122e515ecef",
                    "size": 964,
                    "url": "https://libraries.minecraft.net/com/mojang/blocklist/1.0.10/blocklist-1.0.10.jar"
                }
            },
            "name": "com.mojang:blocklist:1.0.10"
        },
        {
            "downloads": {
                "artifact": {
                    "sha1": "da05971b07cbb379d002cf7eaec6a2048211fefc",
                    "size": 4439,
                    "url": "https://libraries.minecraft.net/com/mojang/patchy/2.2.10/patchy-2.2.10.jar"
                }
            },
            "name": "com.mojang:patchy:2.2.10"
        },
        {
            "downloads": {
                "artifact": {
                    "sha1": "1d0ec654d820741327f5a9229d513732a4b7ce50",
                    "size": 879623,
                    "url": "https://libraries.minecraft.net/com/github/oshi/oshi-core/5.8.5/oshi-core-5.8.5.jar"
                }
            },
            "name": "com.github.oshi:oshi-core:5.8.5"
        },
        {
            "downloads": {
                "artifact": {
                    "sha1": "7cf4c87dd802db50721db66947aa237d7ad09418",
                    "size": 1756400,
                    "url": "https://libraries.minecraft.net/net/java/dev/jna/jna/5.10.0/jna-5.10.0.jar"
                }
            },
            "name": "net.java.dev.jna:jna:5.10.0"
        },
        {
            "downloads": {
                "artifact": {
                    "sha1": "fbed7d9669dba47714ad0d4f4454290a997aee69",
                    "size": 1343495,
                    "url": "https://libraries.minecraft.net/net/java/dev/jna/jna-platform/5.10.0/jna-platform-5.10.0.jar"
                }
            },
            "name": "net.java.dev.jna:jna-platform:5.10.0"
        },
        {
            "downloads": {
                "artifact": {
                    "sha1": "83b0359d847ee053d745be7ec0d8e9e8a44304b4",
                    "size": 44213,
                    "url": "https://libraries.minecraft.net/org/slf4j/slf4j-api/1.8.0-beta4/slf4j-api-1.8.0-beta4.jar"
                }
            },
            "name": "org.slf4j:slf4j-api:1.8.0-beta4"
        },
        {
            "downloads": {
                "artifact": {
                    "sha1": "ca499d751f4ddd8afb016ef698c30be0da1d09f7",
                    "size": 21268,
                    "url": "https://repo1.maven.org/maven2/org/apache/logging/log4j/log4j-slf4j18-impl/2.17.1/log4j-slf4j18-impl-2.17.1.jar"
                }
            },
            "name": "org.apache.logging.log4j:log4j-slf4j18-impl:2.17.1"
        },
        {
            "downloads": {
                "artifact": {
                    "sha1": "dfa3a1fbc55bf5db8c6e79fc0935ac7ab1202950",
                    "size": 13708936,
                    "url": "https://libraries.minecraft.net/com/ibm/icu/icu4j/70.1/icu4j-70.1.jar"
                }
            },
            "name": "com.ibm.icu:icu4j:70.1"
        },
        {
            "downloads": {
                "artifact": {
                    "sha1": "0c876796229b2ef5120f186eab5acc870699d3b9",
                    "size": 6053,
                    "url": "https://libraries.minecraft.net/com/mojang/javabridge/1.2.24/javabridge-1.2.24.jar"
                }
            },
            "name": "com.mojang:javabridge:1.2.24"
        },
        {
            "downloads": {
                "artifact": {
                    "sha1": "4fdac2fbe92dfad86aa6e9301736f6b4342a3f5c",
                    "size": 78146,
                    "url": "https://libraries.minecraft.net/net/sf/jopt-simple/jopt-simple/5.0.4/jopt-simple-5.0.4.jar"
                }
            },
            "name": "net.sf.jopt-simple:jopt-simple:5.0.4"
        },
        {
            "downloads": {
                "artifact": {
                    "sha1": "b8266a3c93c1c051109f71d3449e5dcd5d60b333",
                    "size": 4515045,
                    "url": "https://libraries.minecraft.net/io/netty/netty-all/4.1.68.Final/netty-all-4.1.68.Final.jar"
                }
            },
            "name": "io.netty:netty-all:4.1.68.Final"
        },
        {
            "downloads": {
                "artifact": {
                    "sha1": "1dcf1de382a0bf95a3d8b0849546c88bac1292c9",
                    "size": 4617,
                    "url": "https://libraries.minecraft.net/com/google/guava/failureaccess/1.0.1/failureaccess-1.0.1.jar"
                }
            },
            "name": "com.google.guava:failureaccess:1.0.1"
        },
        {
            "downloads": {
                "artifact": {
                    "sha1": "119ea2b2bc205b138974d351777b20f02b92704b",
                    "size": 2974216,
                    "url": "https://libraries.minecraft.net/com/google/guava/guava/31.0.1-jre/guava-31.0.1-jre.jar"
                }
            },
            "name": "com.google.guava:guava:31.0.1-jre"
        },
        {
            "downloads": {
                "artifact": {
                    "sha1": "c6842c86792ff03b9f1d1fe2aab8dc23aa6c6f0e",
                    "size": 587402,
                    "url": "https://libraries.minecraft.net/org/apache/commons/commons-lang3/3.12.0/commons-lang3-3.12.0.jar"
                }
            },
            "name": "org.apache.commons:commons-lang3:3.12.0"
        },
        {
            "downloads": {
                "artifact": {
                    "sha1": "a2503f302b11ebde7ebc3df41daebe0e4eea3689",
                    "size": 327135,
                    "url": "https://libraries.minecraft.net/commons-io/commons-io/2.11.0/commons-io-2.11.0.jar"
                }
            },
            "name": "commons-io:commons-io:2.11.0"
        },
        {
            "downloads": {
                "artifact": {
                    "sha1": "49d94806b6e3dc933dacbd8acb0fdbab8ebd1e5d",
                    "size": 353793,
                    "url": "https://libraries.minecraft.net/commons-codec/commons-codec/1.15/commons-codec-1.15.jar"
                }
            },
            "name": "commons-codec:commons-codec:1.15"
        },
        {
            "downloads": {
                "artifact": {
                    "sha1": "c1ef1234282716483c92183f49bef47b1a89bfa9",
                    "size": 77116,
                    "url": "https://libraries.minecraft.net/com/mojang/brigadier/1.0.18/brigadier-1.0.18.jar"
                }
            },
            "name": "com.mojang:brigadier:1.0.18"
        },
        {
            "downloads": {
                "artifact": {
                    "sha1": "0a02c43824ce57c3f7a7d7e744f0d99a040398b5",
                    "size": 672957,
                    "url": "https://libraries.minecraft.net/com/mojang/datafixerupper/4.1.27/datafixerupper-4.1.27.jar"
                }
            },
            "name": "com.mojang:datafixerupper:4.1.27"
        },
        {
            "downloads": {
                "artifact": {
                    "sha1": "8a432c1d6825781e21a02db2e2c33c5fde2833b9",
                    "size": 258075,
                    "url": "https://libraries.minecraft.net/com/google/code/gson/gson/2.8.9/gson-2.8.9.jar"
                }
            },
            "name": "com.google.code.gson:gson:2.8.9"
        },
        {
            "downloads": {
                "artifact": {
                    "sha1": "289405e70c0917eaeac017f7fba9adb4427baa36",
                    "size": 98740,
                    "url": "https://libraries.minecraft.net/com/mojang/authlib/3.3.39/authlib-3.3.39.jar"
                }
            },
            "name": "com.mojang:authlib:3.3.39"
        },
        {
            "downloads": {
                "artifact": {
                    "sha1": "4ec95b60d4e86b5c95a0e919cb172a0af98011ef",
                    "size": 1018316,
                    "url": "https://libraries.minecraft.net/org/apache/commons/commons-compress/1.21/commons-compress-1.21.jar"
                }
            },
            "name": "org.apache.commons:commons-compress:1.21"
        },
        {
            "downloads": {
                "artifact": {
                    "sha1": "e5f6cae5ca7ecaac1ec2827a9e2d65ae2869cada",
                    "size": 780321,
                    "url": "https://libraries.minecraft.net/org/apache/httpcomponents/httpclient/4.5.13/httpclient-4.5.13.jar"
                }
            },
            "name": "org.apache.httpcomponents:httpclient:4.5.13"
        },
        {
            "downloads": {
                "artifact": {
                    "sha1": "4bfc12adfe4842bf07b657f0369c4cb522955686",
                    "size": 61829,
                    "url": "https://libraries.minecraft.net/commons-logging/commons-logging/1.2/commons-logging-1.2.jar"
                }
            },
            "name": "commons-logging:commons-logging:1.2"
        },
        {
            "downloads": {
                "artifact": {
                    "sha1": "9dd1a631c082d92ecd4bd8fd4cf55026c720a8c1",
                    "size": 328436,
                    "url": "https://libraries.minecraft.net/org/apache/httpcomponents/httpcore/4.4.14/httpcore-4.4.14.jar"
                }
            },
            "name": "org.apache.httpcomponents:httpcore:4.4.14"
        },
        {
            "downloads": {
                "artifact": {
                    "sha1": "76f95700418a68fbc4ac050525261f05dc681ca1",
                    "size": 23565248,
                    "url": "https://libraries.minecraft.net/it/unimi/dsi/fastutil/8.5.6/fastutil-8.5.6.jar"
                }
            },
            "name": "it.unimi.dsi:fastutil:8.5.6"
        },
        {
            "downloads": {
                "artifact": {
                    "sha1": "d771af8e336e372fb5399c99edabe0919aeaf5b2",
                    "size": 301872,
                    "url": "https://repo1.maven.org/maven2/org/apache/logging/log4j/log4j-api/2.17.1/log4j-api-2.17.1.jar"
                }
            },
            "name": "org.apache.logging.log4j:log4j-api:2.17.1"
        },
        {
            "downloads": {
                "artifact": {
                    "sha1": "779f60f3844dadc3ef597976fcb1e5127b1f343d",
                    "size": 1790452,
                    "url": "https://repo1.maven.org/maven2/org/apache/logging/log4j/log4j-core/2.17.1/log4j-core-2.17.1.jar"
                }
            },
            "name": "org.apache.logging.log4j:log4j-core:2.17.1"
        },
        {
            "downloads": {
                "artifact": {
                    "sha1": "1f618f522dbdd93218c270bcfd8f8dd84be31717",
                    "size": 12874,
                    "url": "https://libraries.minecraft.net/com/mojang/text2speech/1.12.4/text2speech-1.12.4.jar"
                }
            },
            "name": "com.mojang:text2speech:1.12.4"
        },
        {
            "downloads": {
                "artifact": {
                    "sha1": "1f618f522dbdd93218c270bcfd8f8dd84be31717",
                    "size": 12874,
                    "url": "https://libraries.minecraft.net/com/mojang/text2speech/1.12.4/text2speech-1.12.4.jar"
                },
                "classifiers": {
                    "natives-linux": {
                        "sha1": "9571b1360a268311d7fa625614186965914f0215",
                        "size": 7833,
                        "url": "https://libraries.minecraft.net/com/mojang/text2speech/1.12.4/text2speech-1.12.4-natives-linux.jar"
                    },
                    "natives-windows": {
                        "sha1": "7e37c535186a058d730ec03491182fae2efb57be",
                        "size": 81379,
                        "url": "https://libraries.minecraft.net/com/mojang/text2speech/1.12.4/text2speech-1.12.4-natives-windows.jar"
                    }
                }
            },
            "extract": {
                "exclude": [
                    "META-INF/"
                ]
            },
            "name": "com.mojang:text2speech:1.12.4",
            "natives": {
                "linux": "natives-linux",
                "windows": "natives-windows"
            }
        },
        {
            "downloads": {
                "artifact": {
                    "sha1": "6ef160c3133a78de015830860197602ca1c855d3",
                    "size": 40502,
                    "url": "https://libraries.minecraft.net/ca/weblite/java-objc-bridge/1.0.0/java-objc-bridge-1.0.0.jar"
                },
                "classifiers": {
                    "natives-osx": {
                        "sha1": "08befab4894d55875f33c3d300f4f71e6e828f64",
                        "size": 5629,
                        "url": "https://libraries.minecraft.net/ca/weblite/java-objc-bridge/1.0.0/java-objc-bridge-1.0.0-natives-osx.jar"
                    }
                }
            },
            "extract": {
                "exclude": [
                    "META-INF/"
                ]
            },
            "name": "ca.weblite:java-objc-bridge:1.0.0",
            "natives": {
                "osx": "natives-osx"
            },
            "rules": [
                {
                    "action": "allow",
                    "os": {
                        "name": "osx"
                    }
                }
            ]
        },
        {
            "downloads": {
                "artifact": {
                    "sha1": "6ef160c3133a78de015830860197602ca1c855d3",
                    "size": 40502,
                    "url": "https://libraries.minecraft.net/ca/weblite/java-objc-bridge/1.0.0/java-objc-bridge-1.0.0.jar"
                }
            },
            "name": "ca.weblite:java-objc-bridge:1.0.0",
            "rules": [
                {
                    "action": "allow",
                    "os": {
                        "name": "osx"
                    }
                }
            ]
        },
        {
            "downloads": {
                "artifact": {
                    "sha1": "369a83621e3c65496348491e533cb97fe5f2f37d",
                    "size": 91947,
                    "url": "https://github.com/MinecraftMachina/Java-Objective-C-Bridge/releases/download/1.1.0-mmachina.1/java-objc-bridge-1.1.jar"
                }
            },
            "name": "ca.weblite:java-objc-bridge:1.1.0-mmachina.1",
            "rules": [
                {
                    "action": "allow",
                    "os": {
                        "name": "osx-arm64"
                    }
                }
            ]
        }
    ],
    "mainClass": "net.minecraft.client.main.Main",
    "mainJar": {
        "downloads": {
            "artifact": {
                "sha1": "2e9a3e3107cca00d6bc9c97bf7d149cae163ef21",
                "size": 20259661,
                "url": "https://piston-data.mojang.com/v1/objects/2e9a3e3107cca00d6bc9c97bf7d149cae163ef21/client.jar"
            }
        },
        "name": "com.mojang:minecraft:1.18.2:client"
    },
    "minecraftArguments": "--username ${auth_player_name} --version ${version_name} --gameDir ${game_directory} --assetsDir ${assets_root} --assetIndex ${assets_index_name} --uuid ${auth_uuid} --accessToken ${auth_access_token} --userType ${user_type} --versionType ${version_type}",
    "name": "Minecraft",
    "releaseTime": "2022-02-28T10:42:45+00:00",
    "requires": [
        {
            "suggests": "3.2.2",
            "uid": "org.lwjgl3"
        }
    ],
    "type": "release",
    "uid": "net.minecraft",
    "version": "1.18.2"
}
