{
  "type": "geolosys:deposit_dense",
  "config": {
    "yMin": -52,
    "yMax": -64,
    "size": 150,
    "dimensions": {
      "isBlacklist": false,
      "filter": ["overworld"]
    },
    "blocks": {
      "default": [
        {
          "block": "geolosys:anthracite_coal_ore",
          "chance": 0.65
        },
        {
          "block": null,
          "chance": 0.35
        }
      ],
      "minecraft:deepslate": [
        {
          "block": "geolosys:deepslate_anthracite_coal_ore",
          "chance": 0.65
        },
        {
          "block": null,
          "chance": 0.35
        }
      ]
    },
    "samples": [
      {
        "block": "geolosys:anthracite_coal_ore_sample",
        "chance": 1.0
      }
    ],
    "generationWeight": 30
  }
}
