{
  "type": "geolosys:deposit_dense",
  "config": {
    "blocks": {
      "default": [
        {
          "block": "geolosys:autunite_ore",
          "chance": 0.85
        },
        {
          "block": "minecraft:granite",
          "chance": 0.15
        }
      ],
      "minecraft:deepslate": [
        {
          "block": "geolosys:deepslate_autunite_ore",
          "chance": 0.85
        },
        {
          "block": "minecraft:deepslate_granite",
          "chance": 0.15
        }
      ]
    },
    "samples": [
      {
        "block": "geolosys:autunite_ore_sample",
        "chance": 1.0
      }
    ],
    "yMin": 8,
    "yMax": 33,
    "size": 180,
    "biomes": {
      "isBlacklist": false,
      "filter": ["MOUNTAIN"]
    },
    "dimensions": {
      "isBlacklist": false,
      "filter": ["overworld"]
    },
    "generationWeight": 20
  }
}
