{
  "type": "geolosys:deposit_dense",
  "config": {
    "yMin": 48,
    "yMax": 65,
    "size": 180,
    "dimensions": {
      "isBlacklist": false,
      "filter": ["overworld"]
    },
    "blocks": {
      "default": [
        {
          "block": "geolosys:bauxite_ore",
          "chance": 0.9
        },
        {
          "block": null,
          "chance": 0.1
        }
      ],
      "minecraft:deepslate": [
        {
          "block": "geolosys:deepslate_bauxite_ore",
          "chance": 0.9
        },
        {
          "block": null,
          "chance": 0.1
        }
      ]
    },
    "samples": [
      {
        "block": "geolosys:bauxite_ore_sample",
        "chance": 1.0
      }
    ],
    "generationWeight": 15
  }
}
