{
  "type": "geolosys:deposit_dense",
  "config": {
    "yMin": -56,
    "yMax": 19,
    "size": 150,
    "biomes": {
      "isBlacklist": false,
      "filter": ["MOUNTAIN"]
    },
    "dimensions": {
      "isBlacklist": false,
      "filter": ["overworld"]
    },
    "blocks": {
      "default": [
        {
          "block": "geolosys:beryl_ore",
          "chance": 0.45
        },
        {
          "block": null,
          "chance": 0.55
        }
      ],
      "minecraft:deepslate": [
        {
          "block": "geolosys:deepslate_beryl_ore",
          "chance": 0.45
        },
        {
          "block": null,
          "chance": 0.55
        }
      ]
    },
    "samples": [
      {
        "block": "geolosys:beryl_ore_sample",
        "chance": 1.0
      }
    ],
    "generationWeight": 15
  }
}
