{
  "type": "geolosys:deposit_dense",
  "config": {
    "yMin": -32,
    "yMax": -16,
    "size": 180,
    "dimensions": {
      "isBlacklist": false,
      "filter": ["overworld"]
    },
    "blocks": {
      "default": [
        {
          "block": "geolosys:bituminous_coal_ore",
          "chance": 0.65
        },
        {
          "block": null,
          "chance": 0.35
        }
      ],
      "minecraft:deepslate": [
        {
          "block": "geolosys:deepslate_bituminous_coal_ore",
          "chance": 0.75
        },
        {
          "block": null,
          "chance": 0.25
        }
      ]
    },
    "samples": [
      {
        "block": "geolosys:bituminous_coal_ore_sample",
        "chance": 1.0
      }
    ],
    "generationWeight": 50
  }
}
