{
  "type": "geolosys:deposit_dike",
  "config": {
    "yMin": 32,
    "yMax": 60,
    "baseRadius": 12,
    "dimensions": {
      "isBlacklist": false,
      "filter": ["overworld"]
    },
    "blocks": {
      "default": [
        {
          "block": "geolosys:hematite_ore",
          "chance": 1.0
        }
      ],
      "minecraft:deepslate": [
        {
          "block": "geolosys:deepslate_hematite_ore",
          "chance": 1.0
        }
      ]
    },
    "samples": [
      {
        "block": "geolosys:hematite_ore_sample",
        "chance": 1.0
      }
    ],
    "generationWeight": 35
  }
}
