{
  "type": "geolosys:deposit_dike",
  "config": {
    "yMin": -64,
    "yMax": 10,
    "baseRadius": 12,
    "dimensions": {
      "isBlacklist": false,
      "filter": ["overworld"]
    },
    "blocks": {
      "default": [
        {
          "block": "geolosys:kimberlite_ore",
          "chance": 0.5
        },
        {
          "block": null,
          "chance": 0.5
        }
      ],
      "minecraft:deepslate": [
        {
          "block": "geolosys:deepslate_kimberlite_ore",
          "chance": 0.5
        },
        {
          "block": null,
          "chance": 0.5
        }
      ]
    },
    "samples": [
      {
        "block": "geolosys:kimberlite_ore_sample",
        "chance": 1.0
      }
    ],
    "generationWeight": 10
  }
}
