{
  "type": "geolosys:deposit_dike",
  "config": {
    "yMin": -48,
    "yMax": -32,
    "baseRadius": 16,
    "biomes": {
      "isBlacklist": false,
      "filter": ["SWAMP", "MUSHROOM", "WET"]
    },
    "dimensions": {
      "isBlacklist": false,
      "filter": ["overworld"]
    },
    "blocks": {
      "default": [
        {
          "block": "geolosys:limonite_ore",
          "chance": 0.65
        },
        {
          "block": null,
          "chance": 0.35
        }
      ],
      "minecraft:deepslate": [
        {
          "block": "geolosys:deepslate_limonite_ore",
          "chance": 0.65
        },
        {
          "block": null,
          "chance": 0.35
        }
      ]
    },
    "samples": [
      {
        "block": "geolosys:limonite_ore_sample",
        "chance": 1.0
      }
    ],
    "generationWeight": 20
  }
}
