{
  "type": "geolosys:deposit_dense",
  "config": {
    "yMin": -52,
    "yMax": -40,
    "size": 150,
    "biomes": {
      "isBlacklist": false,
      "filter": ["RIVER", "HOT"]
    },
    "dimensions": {
      "isBlacklist": false,
      "filter": ["overworld"]
    },
    "blocks": {
      "default": [
        {
          "block": "geolosys:teallite_ore",
          "chance": 0.6
        },
        {
          "block": "geolosys:beryl_ore",
          "chance": 0.25
        },
        {
          "block": null,
          "chance": 0.15
        }
      ],
      "minecraft:deepslate": [
        {
          "block": "geolosys:deepslate_teallite_ore",
          "chance": 0.6
        },
        {
          "block": "geolosys:deepslate_beryl_ore",
          "chance": 0.25
        },
        {
          "block": null,
          "chance": 0.15
        }
      ]
    },
    "samples": [
      {
        "block": "geolosys:teallite_ore_sample",
        "chance": 1.0
      }
    ],
    "generationWeight": 15
  }
}
