{
  "type": "minecraft:block",
  "pools": [
    {
      "rolls": 1,
      "entries": [
        {
          "type": "minecraft:alternatives",
          "children": [
            {
              "type": "minecraft:item",
              "conditions": [
                {
                  "condition": "minecraft:match_tool",
                  "predicate": {
                    "enchantments": [
                      {
                        "enchantment": "minecraft:silk_touch",
                        "levels": {
                          "min": 1
                        }
                      }
                    ]
                  }
                }
              ],
              "name": "geolosys:deepslate_galena_ore"
            },
            {
              "type": "minecraft:sequence",
              "children": [
                {
                  "type": "minecraft:item",
                  "functions": [
                    {
                      "function": "minecraft:apply_bonus",
                      "enchantment": "minecraft:fortune",
                      "formula": "minecraft:ore_drops"
                    },
                    {
                      "function": "minecraft:explosion_decay"
                    }
                  ],
                  "name": "geolosys:lead_cluster",
                  "weight": 50
                },
                {
                  "type": "minecraft:item",
                  "functions": [
                    {
                      "function": "minecraft:apply_bonus",
                      "enchantment": "minecraft:fortune",
                      "formula": "minecraft:ore_drops"
                    },
                    {
                      "function": "minecraft:explosion_decay"
                    }
                  ],
                  "name": "geolosys:silver_cluster",
                  "weight": 50
                }
              ]
            }
          ]
        }
      ]
    }
  ]
}
