{
  "type": "geolosys:deposit_layer",
  "config": {
    "yMin": -4,
    "yMax": 32,
    "radius": 6,
    "depth": 8,
    "dimensions": {
      "isBlacklist": false,
      "filter": ["overworld"]
    },
    "blocks": {
      "default": [
        {
          "block": "geolosys:lignite_ore",
          "chance": 0.85
        },
        {
          "block": null,
          "chance": 0.15
        }
      ],
      "minecraft:deepslate": [
        {
          "block": "geolosys:deepslate_lignite_ore",
          "chance": 0.85
        },
        {
          "block": null,
          "chance": 0.15
        }
      ]
    },
    "samples": [
      {
        "block": "geolosys:lignite_ore_sample",
        "chance": 1.0
      }
    ],
    "generationWeight": 35
  }
}
